iter,new_cuts,total_cuts,V,ΔV,t_fwd,t_bwd,t_eval,t_iter,t_cum,unique_nodes,bwd_work_units,avg_children_visited,per_stage
1,18,18,0.0,0.0,0.11400008201599121,3.6529998779296875,0.0,3.7669999599456787,3.7669999599456787,16,4500,100.0,"[0, 1, 1, 3, 1, 2, 3, 4, 3]"
2,33,51,4.925458370837963,4.925458370837963,0.14100003242492676,3.6570000648498535,0.0,3.7980000972747803,7.565000057220459,15,4500,100.0,"[1, 2, 4, 7, 6, 7, 8, 9, 7]"
3,25,76,9.902525102891893,4.97706673205393,0.13899993896484375,3.742000102996826,0.0,3.88100004196167,11.446000099182129,15,4500,100.0,"[2, 3, 6, 10, 10, 10, 11, 14, 10]"
4,36,112,11.12642786423801,1.2239027613461175,0.11999988555908203,3.7990000247955322,0.0,3.9189999103546143,15.365000009536743,15,4500,100.0,"[3, 4, 11, 15, 15, 15, 16, 19, 14]"
5,27,139,14.101533330600617,2.9751054663626064,0.11400008201599121,3.8239998817443848,0.0,3.937999963760376,19.30299997329712,16,4500,100.0,"[4, 5, 13, 18, 19, 20, 20, 23, 17]"
6,29,168,14.617922599345851,0.5163892687452343,0.11700010299682617,3.927999973297119,0.0,4.045000076293945,23.348000049591064,14,4500,100.0,"[5, 6, 18, 22, 21, 25, 25, 27, 19]"
7,30,198,16.27945988590369,1.6615372865578397,0.11699986457824707,3.876000165939331,0.0,3.993000030517578,27.341000080108643,16,4500,100.0,"[6, 7, 20, 25, 25, 30, 30, 32, 23]"
8,30,228,16.430809377059937,0.15134949115624607,0.11899995803833008,3.937000036239624,0.0,4.055999994277954,31.397000074386597,16,4500,100.0,"[7, 8, 22, 28, 29, 35, 35, 37, 27]"
9,33,261,17.169543001546273,0.7387336244863363,0.11899995803833008,3.9660000801086426,0.0,4.085000038146973,35.48200011253357,16,4500,100.0,"[8, 9, 26, 33, 34, 40, 39, 41, 31]"
10,27,288,17.275190714741136,0.10564771319486255,0.11799979209899902,4.028000116348267,0.0,4.145999908447266,39.628000020980835,16,4500,100.0,"[9, 10, 30, 36, 37, 44, 44, 45, 33]"
11,32,320,17.383497139193107,0.10830642445197114,0.1230001449584961,4.065999984741211,0.0,4.189000129699707,43.81700015068054,16,4500,100.0,"[10, 11, 35, 40, 41, 49, 48, 49, 37]"
12,25,345,17.46302111600597,0.07952397681286172,0.12199997901916504,4.0899999141693115,0.0,4.211999893188477,48.02900004386902,16,4500,100.0,"[11, 12, 37, 43, 44, 53, 53, 54, 38]"
13,30,375,17.509927168562747,0.04690605255677838,0.12400007247924805,4.111999988555908,0.0,4.236000061035156,52.265000104904175,16,4500,100.0,"[12, 13, 42, 48, 48, 58, 57, 58, 39]"
14,35,410,17.5688223313711,0.05889516280835139,0.1529998779296875,4.3450000286102295,0.0,4.497999906539917,56.76300001144409,16,4500,100.0,"[13, 14, 47, 53, 53, 63, 62, 63, 42]"
15,34,444,17.57527045366107,0.006448122289970826,0.12800002098083496,4.308000087738037,0.0,4.436000108718872,61.199000120162964,15,4500,100.0,"[14, 15, 52, 58, 58, 68, 67, 68, 44]"
16,33,477,17.593496889823275,0.018226436162205317,0.1269998550415039,4.428000211715698,0.0,4.555000066757202,65.75400018692017,15,4500,100.0,"[15, 16, 57, 63, 63, 72, 72, 73, 46]"
17,32,509,17.59750291923277,0.004006029409495682,0.12799978256225586,4.363000154495239,0.0,4.490999937057495,70.24500012397766,16,4500,100.0,"[16, 17, 62, 68, 67, 77, 77, 78, 47]"
18,31,540,17.62328039447281,0.025777475240040815,0.13100004196166992,4.332000017166138,0.0,4.463000059127808,74.70800018310547,16,4500,100.0,"[17, 18, 66, 73, 72, 82, 82, 83, 47]"
19,35,575,17.62831414701372,0.005033752540910541,0.12899994850158691,4.406999826431274,0.0,4.535999774932861,79.24399995803833,16,4500,100.0,"[18, 19, 71, 78, 77, 87, 87, 88, 50]"
20,34,609,17.719222615651642,0.09090846863792024,0.13400006294250488,4.400000095367432,0.0,4.5340001583099365,83.77800011634827,16,4500,100.0,"[19, 20, 76, 83, 82, 92, 92, 93, 52]"
21,31,640,17.794896150733848,0.0756735350822062,0.13199996948242188,4.575999975204468,0.0,4.70799994468689,88.48600006103516,16,4500,100.0,"[20, 21, 80, 88, 87, 97, 97, 98, 52]"
22,30,670,17.852942568289503,0.05804641755565498,0.13700008392333984,4.647000074386597,0.0,4.7840001583099365,93.27000021934509,15,4500,100.0,"[21, 22, 83, 93, 92, 102, 102, 102, 53]"
23,28,698,17.885632951863407,0.03269038357390386,0.13399982452392578,4.5340001583099365,0.0,4.667999982833862,97.93800020217896,16,4500,100.0,"[22, 23, 87, 98, 97, 107, 106, 105, 53]"
24,32,730,17.89465030650498,0.009017354641571274,0.1510000228881836,4.561999797821045,0.0,4.7129998207092285,102.65100002288818,16,4500,100.0,"[23, 24, 92, 102, 102, 112, 111, 109, 55]"
25,34,764,17.91995221794407,0.02530191143909022,0.13400006294250488,4.570000171661377,0.0,4.704000234603882,107.35500025749207,16,4500,100.0,"[24, 25, 96, 107, 107, 117, 116, 114, 58]"
26,33,797,17.921610221332184,0.0016580033881155032,0.1399998664855957,4.604000091552734,0.0,4.74399995803833,112.0990002155304,15,4500,100.0,"[25, 26, 100, 112, 112, 122, 121, 119, 60]"
27,35,832,17.925190008853523,0.0035797875213390284,0.15899991989135742,4.977999925613403,0.0,5.136999845504761,117.23600006103516,16,4500,100.0,"[26, 27, 105, 117, 117, 127, 126, 124, 63]"
28,33,865,17.92579767195445,0.0006076631009257483,0.1679999828338623,4.811000108718872,0.0,4.979000091552734,122.21500015258789,16,4500,100.0,"[27, 28, 110, 122, 122, 132, 131, 129, 64]"
29,28,893,17.92928821502852,0.00349054307407215,0.14100003242492676,4.751999855041504,0.0,4.892999887466431,127.10800004005432,16,4500,100.0,"[28, 29, 113, 126, 127, 137, 136, 133, 64]"
30,31,924,17.92998880953596,0.0007005945074389786,0.1400001049041748,4.793999910354614,0.0,4.934000015258789,132.0420000553131,16,4500,100.0,"[29, 30, 118, 131, 132, 142, 140, 137, 65]"
31,30,954,17.93306410926674,0.0030752997307814667,0.16200017929077148,4.891999959945679,0.0,5.05400013923645,137.09600019454956,13,4500,100.0,"[30, 31, 123, 136, 136, 145, 145, 142, 66]"
32,33,987,17.93334347825918,0.0002793689924374121,0.14400005340576172,4.7759997844696045,0.0,4.919999837875366,142.01600003242493,16,4500,100.0,"[31, 32, 127, 141, 141, 150, 150, 146, 69]"
33,34,1021,17.93462179122812,0.00127831296894243,0.14600014686584473,4.879999876022339,0.0,5.026000022888184,147.0420000553131,16,4500,100.0,"[32, 33, 132, 146, 146, 155, 155, 151, 71]"
34,32,1053,17.935222632607314,0.0006008413791924738,0.14700007438659668,4.957000017166138,0.0,5.104000091552734,152.14600014686584,15,4500,100.0,"[33, 34, 137, 151, 151, 160, 160, 156, 71]"
35,32,1085,17.938244631525063,0.0030219989177489026,0.15000009536743164,4.97599983215332,0.0,5.125999927520752,157.2720000743866,15,4500,100.0,"[34, 35, 142, 156, 156, 165, 165, 161, 71]"
36,34,1119,17.938456108703864,0.0002114771788015446,0.14800000190734863,4.957000017166138,0.0,5.105000019073486,162.37700009346008,14,4500,100.0,"[35, 36, 147, 161, 161, 170, 170, 166, 73]"
37,31,1150,17.939898367146835,0.0014422584429709673,0.1660001277923584,5.013000011444092,0.0,5.17900013923645,167.55600023269653,16,4500,100.0,"[36, 37, 152, 166, 166, 175, 174, 170, 74]"
38,31,1181,17.941191551873967,0.001293184727131802,0.14599990844726562,5.063999891281128,0.0,5.2099997997283936,172.76600003242493,16,4500,100.0,"[37, 38, 156, 171, 171, 180, 179, 174, 75]"
39,33,1214,17.947184700681944,0.005993148807977633,0.14700007438659668,5.253999948501587,0.0,5.401000022888184,178.1670000553131,16,4500,100.0,"[38, 39, 161, 176, 176, 185, 184, 178, 77]"
40,34,1248,17.947717158540364,0.0005324578584193773,0.16000008583068848,5.16100001335144,0.0,5.321000099182129,183.48800015449524,16,4500,100.0,"[39, 40, 166, 181, 181, 190, 189, 183, 79]"
41,27,1275,17.95015579216359,0.0024386336232247174,0.16100001335144043,5.161999940872192,0.0,5.322999954223633,188.81100010871887,12,4500,100.0,"[40, 41, 169, 184, 186, 195, 194, 187, 79]"
42,32,1307,17.950337867131186,0.0001820749675971456,0.15600013732910156,5.18999981880188,0.0,5.3459999561309814,194.15700006484985,16,4500,100.0,"[41, 42, 174, 189, 191, 200, 199, 191, 80]"
43,33,1340,17.951061051923045,0.0007231847918589551,0.17100000381469727,5.202000141143799,0.0,5.373000144958496,199.53000020980835,16,4500,100.0,"[42, 43, 179, 194, 196, 205, 204, 196, 81]"
44,32,1372,17.951372732521396,0.00031168059835096074,0.14899992942810059,5.233999967575073,0.0,5.382999897003174,204.91300010681152,16,4500,100.0,"[43, 44, 184, 199, 201, 210, 209, 200, 82]"
45,33,1405,17.952907528776635,0.0015347962552390015,0.15799999237060547,5.289000034332275,0.0,5.447000026702881,210.3600001335144,16,4500,100.0,"[44, 45, 187, 204, 206, 215, 214, 205, 85]"
46,31,1436,17.953248939825233,0.00034141104859841676,0.17499995231628418,5.28600001335144,0.0,5.460999965667725,215.82100009918213,16,4500,100.0,"[45, 46, 190, 209, 211, 220, 219, 210, 86]"
47,30,1466,17.954998337995416,0.0017493981701832695,0.1770000457763672,5.322000026702881,0.0,5.499000072479248,221.32000017166138,16,4500,100.0,"[46, 47, 194, 214, 216, 224, 223, 214, 88]"
48,33,1499,17.955367470035604,0.00036913204018773627,0.1640000343322754,5.382999897003174,0.0,5.546999931335449,226.86700010299683,16,4500,100.0,"[47, 48, 199, 219, 221, 229, 228, 219, 89]"
49,34,1533,17.95707648208889,0.0017090120532863295,0.16199994087219238,5.4150002002716064,0.0,5.577000141143799,232.44400024414062,15,4500,100.0,"[48, 49, 203, 224, 226, 234, 233, 224, 92]"
50,33,1566,17.957454076175914,0.0003775940870234251,0.17299985885620117,5.647000074386597,0.0,5.819999933242798,238.26400017738342,16,4500,100.0,"[49, 50, 208, 229, 231, 239, 238, 229, 93]"
51,33,1599,17.959286911004803,0.0018328348288889629,0.16899991035461426,5.5980000495910645,0.0,5.766999959945679,244.0310001373291,16,4500,100.0,"[50, 51, 212, 234, 236, 244, 243, 234, 95]"
52,31,1630,17.959546380454675,0.0002594694498725403,0.16199994087219238,5.710000038146973,0.0,5.871999979019165,249.90300011634827,16,4500,100.0,"[51, 52, 216, 238, 241, 249, 248, 239, 96]"
53,33,1663,17.96075716686122,0.0012107864065455942,0.16000008583068848,5.543999910354614,0.0,5.703999996185303,255.60700011253357,16,4500,100.0,"[52, 53, 221, 243, 246, 254, 253, 244, 97]"
54,33,1696,17.961036301868955,0.0002791350077337995,0.16300010681152344,5.667999982833862,0.0,5.831000089645386,261.43800020217896,16,4500,100.0,"[53, 54, 226, 248, 251, 259, 258, 249, 98]"
55,33,1729,17.96256606649521,0.0015297646262553144,0.18199992179870605,5.611999988555908,0.0,5.793999910354614,267.23200011253357,16,4500,100.0,"[54, 55, 231, 253, 256, 264, 263, 254, 99]"
56,31,1760,17.965676932986636,0.003110866491425668,0.16199994087219238,5.608000040054321,0.0,5.769999980926514,273.0020000934601,16,4500,100.0,"[55, 56, 235, 258, 261, 269, 268, 259, 99]"
57,33,1793,17.983782654679054,0.018105721692418086,0.18799996376037598,5.627000093460083,0.0,5.815000057220459,278.81700015068054,16,4500,100.0,"[56, 57, 239, 263, 266, 274, 273, 263, 102]"
58,31,1824,17.985063417883644,0.0012807632045905848,0.18700003623962402,5.713000059127808,0.0,5.900000095367432,284.717000246048,15,4500,100.0,"[57, 58, 243, 268, 271, 279, 278, 268, 102]"
59,31,1855,17.9884925886687,0.0034291707850542252,0.18399977684020996,5.694000005722046,0.0,5.877999782562256,290.59500002861023,16,4500,100.0,"[58, 59, 247, 273, 276, 284, 283, 273, 102]"
60,32,1887,17.989098618122362,0.0006060294536638366,0.18700003623962402,6.140000104904175,0.0,6.327000141143799,296.922000169754,14,4500,100.0,"[59, 60, 252, 278, 281, 289, 288, 278, 102]"
61,32,1919,17.99167234506323,0.0025737269408665497,0.1959998607635498,5.7829999923706055,0.0,5.978999853134155,302.9010000228882,14,4500,100.0,"[60, 61, 257, 283, 286, 294, 293, 283, 102]"
62,32,1951,17.99194635911934,0.00027401405611016116,0.18200016021728516,5.7779998779296875,0.0,5.960000038146973,308.86100006103516,16,4500,100.0,"[61, 62, 262, 288, 291, 299, 297, 287, 104]"
63,31,1982,17.993627049132904,0.0016806900135648561,0.17400002479553223,5.831000089645386,0.0,6.005000114440918,314.8660001754761,15,4500,100.0,"[62, 63, 266, 293, 296, 304, 302, 291, 105]"
64,32,2014,17.994190934964767,0.0005638858318626205,0.1700000762939453,5.875,0.0,6.045000076293945,320.91100025177,15,4500,100.0,"[63, 64, 271, 298, 301, 309, 307, 296, 105]"
65,33,2047,17.998067290875024,0.0038763559102577005,0.17599987983703613,5.942000150680542,0.0,6.118000030517578,327.0290002822876,16,4500,100.0,"[64, 65, 276, 303, 306, 314, 312, 300, 107]"
66,29,2076,17.999765926312524,0.001698635437499263,0.1679999828338623,5.937999963760376,0.0,6.105999946594238,333.13500022888184,15,4500,100.0,"[65, 66, 279, 308, 311, 319, 317, 304, 107]"
67,31,2107,18.00674025922911,0.006974332916588111,0.19000005722045898,5.924999952316284,0.0,6.115000009536743,339.2500002384186,14,4500,100.0,"[66, 67, 284, 313, 316, 324, 322, 308, 107]"
68,31,2138,18.007166234408373,0.00042597517926168393,0.1789999008178711,6.0299999713897705,0.0,6.208999872207642,345.4590001106262,16,4500,100.0,"[67, 68, 288, 318, 321, 329, 327, 312, 108]"
69,32,2170,18.009045269836086,0.0018790354277129495,0.1790001392364502,6.019999980926514,0.0,6.199000120162964,351.6580002307892,15,4500,100.0,"[68, 69, 293, 323, 326, 334, 332, 316, 109]"
70,29,2199,18.009238590561754,0.00019332072566768943,0.18899989128112793,6.193000078201294,0.0,6.381999969482422,358.0400002002716,16,4500,100.0,"[69, 70, 297, 328, 331, 339, 336, 320, 109]"
71,34,2233,18.010167296928355,0.0009287063666008066,0.23099994659423828,6.144000053405762,0.0,6.375,364.4150002002716,15,4500,100.0,"[70, 71, 302, 333, 336, 344, 341, 325, 111]"
72,32,2265,18.01037061358013,0.00020331665177408809,0.18600010871887207,6.156999826431274,0.0,6.3429999351501465,370.75800013542175,15,4500,100.0,"[71, 72, 307, 338, 341, 349, 346, 329, 112]"
73,34,2299,18.011479871904704,0.001109258324575535,0.1790001392364502,6.165999889373779,0.0,6.3450000286102295,377.103000164032,15,4500,100.0,"[72, 73, 311, 343, 346, 354, 351, 334, 115]"
74,30,2329,18.011672846980193,0.00019297507548898807,0.18200016021728516,6.191999912261963,0.0,6.374000072479248,383.47700023651123,16,4500,100.0,"[73, 74, 316, 348, 351, 359, 354, 337, 117]"
75,34,2363,18.01268892237453,0.0010160753943360135,0.18799996376037598,6.213000059127808,0.0,6.401000022888184,389.8780002593994,16,4500,100.0,"[74, 75, 321, 353, 356, 364, 359, 342, 119]"
76,31,2394,18.012923400018163,0.00023447764363382362,0.19899988174438477,6.25600004196167,0.0,6.454999923706055,396.33300018310547,16,4500,100.0,"[75, 76, 325, 358, 361, 369, 364, 347, 119]"
77,34,2428,18.01419771779951,0.0012743177813483442,0.19700002670288086,6.244999885559082,0.0,6.441999912261963,402.77500009536743,16,4500,100.0,"[76, 77, 330, 363, 366, 374, 369, 352, 121]"
78,33,2461,18.014638971046015,0.00044125324650323705,0.1960000991821289,6.371000051498413,0.0,6.567000150680542,409.342000246048,15,4500,100.0,"[77, 78, 335, 368, 371, 379, 374, 357, 122]"
79,30,2491,18.01663457407049,0.001995603024475656,0.18199992179870605,6.463000059127808,0.0,6.644999980926514,415.9870002269745,16,4500,100.0,"[78, 79, 340, 373, 376, 384, 378, 361, 122]"
80,32,2523,18.016849244982648,0.00021467091215754408,0.2200000286102295,6.468999862670898,0.0,6.688999891281128,422.6760001182556,16,4500,100.0,"[79, 80, 345, 378, 381, 389, 383, 366, 122]"
81,32,2555,18.017672058847264,0.0008228138646160232,0.2049999237060547,6.989000082015991,0.0,7.194000005722046,429.87000012397766,16,4500,100.0,"[80, 81, 350, 383, 386, 394, 388, 370, 123]"
82,33,2588,18.017715737070404,4.367822313966485e-5,0.24699997901916504,6.424000024795532,0.0,6.671000003814697,436.54100012779236,14,4500,100.0,"[81, 82, 354, 388, 391, 399, 393, 375, 125]"
83,33,2621,18.018637487360902,0.0009217502904981245,0.2070000171661377,6.460999965667725,0.0,6.667999982833862,443.2090001106262,16,4500,100.0,"[82, 83, 359, 393, 396, 404, 398, 380, 126]"
84,30,2651,18.01890740620642,0.0002699188455181911,0.1919999122619629,6.460000038146973,0.0,6.6519999504089355,449.86100006103516,16,4500,100.0,"[83, 84, 363, 398, 401, 409, 403, 384, 126]"
85,31,2682,18.019588371790853,0.0006809655844328688,0.2109999656677246,6.533999919891357,0.0,6.744999885559082,456.60599994659424,15,4500,100.0,"[84, 85, 367, 403, 406, 414, 408, 389, 126]"
86,33,2715,18.019657374641362,6.900285050903676e-5,0.1940000057220459,6.547000169754028,0.0,6.741000175476074,463.3470001220703,13,4500,100.0,"[85, 86, 372, 408, 411, 419, 413, 394, 127]"
87,32,2747,18.019891564014017,0.00023418937265518025,0.20299983024597168,6.486000061035156,0.0,6.688999891281128,470.03600001335144,16,4500,100.0,"[86, 87, 377, 413, 416, 424, 418, 399, 127]"
88,31,2778,18.019938738889177,4.717487516003871e-5,0.19499993324279785,6.6650002002716064,0.0,6.860000133514404,476.89600014686584,15,4500,100.0,"[87, 88, 382, 418, 421, 429, 423, 402, 128]"
89,33,2811,18.02020796457397,0.00026922568479292863,0.21499991416931152,6.647000074386597,0.0,6.861999988555908,483.75800013542175,16,4500,100.0,"[88, 89, 386, 423, 426, 434, 428, 407, 130]"
90,30,2841,18.020240974559385,3.3009985415333176e-5,0.2049999237060547,6.650000095367432,0.0,6.855000019073486,490.61300015449524,14,4500,100.0,"[89, 90, 390, 427, 431, 439, 433, 412, 130]"
91,34,2875,18.020357679688733,0.00011670512934713884,0.19000005722045898,6.635999917984009,0.0,6.825999975204468,497.4390001296997,16,4500,100.0,"[90, 91, 395, 432, 436, 444, 438, 417, 132]"
92,34,2909,18.02039468441619,3.700472745649108e-5,0.21000003814697266,6.7179999351501465,0.0,6.927999973297119,504.3670001029968,16,4500,100.0,"[91, 92, 400, 437, 441, 449, 443, 422, 134]"
93,32,2941,18.020599769223907,0.00020508480771752602,0.19000005722045898,6.694000005722046,0.0,6.884000062942505,511.25100016593933,16,4500,100.0,"[92, 93, 405, 442, 446, 454, 448, 427, 134]"
94,32,2973,18.02064446798782,4.469876391510752e-5,0.20000004768371582,6.763999938964844,0.0,6.96399998664856,518.2150001525879,16,4500,100.0,"[93, 94, 410, 447, 451, 459, 453, 431, 135]"
95,33,3006,18.020848577025614,0.00020410903779222167,0.20399999618530273,6.795000076293945,0.0,6.999000072479248,525.2140002250671,15,4500,100.0,"[94, 95, 415, 452, 456, 464, 458, 436, 136]"
96,33,3039,18.02085989426176,1.1317236147334597e-5,0.2069997787475586,6.839000225067139,0.0,7.046000003814697,532.2600002288818,13,4500,100.0,"[95, 96, 420, 457, 461, 469, 463, 441, 137]"
97,33,3072,18.020909598661923,4.9704400161942885e-5,0.21700000762939453,7.148999929428101,0.0,7.365999937057495,539.6260001659393,15,4500,100.0,"[96, 97, 425, 462, 466, 474, 468, 446, 138]"
98,32,3104,18.02091685923396,7.26057203692676e-6,0.2089998722076416,6.981000185012817,0.0,7.190000057220459,546.8160002231598,14,4500,100.0,"[97, 98, 429, 467, 471, 479, 473, 451, 139]"
99,32,3136,18.021020119931144,0.00010326069718402664,0.21199989318847656,6.86899995803833,0.0,7.080999851226807,553.8970000743866,16,4500,100.0,"[98, 99, 434, 472, 476, 484, 478, 456, 139]"
100,31,3167,18.021046617874397,2.649794325293442e-5,0.21300005912780762,6.99399995803833,0.0,7.207000017166138,561.1040000915527,15,4500,100.0,"[99, 100, 439, 477, 481, 489, 483, 460, 139]"
101,32,3199,18.021143700500033,9.708262563634662e-5,0.22699999809265137,6.979000091552734,0.0,7.206000089645386,568.3100001811981,14,4500,100.0,"[100, 101, 444, 482, 486, 494, 488, 465, 139]"
102,32,3231,18.02115889464014,1.5194140107865906e-5,0.22300004959106445,7.053999900817871,0.0,7.2769999504089355,575.587000131607,14,4500,100.0,"[101, 102, 449, 487, 491, 499, 493, 470, 139]"
103,32,3263,18.021203988655206,4.5094015064250925e-5,0.21300005912780762,7.299999952316284,0.0,7.513000011444092,583.1000001430511,15,4500,100.0,"[102, 103, 454, 492, 496, 504, 498, 475, 139]"
104,34,3297,18.021236431188193,3.244253298717581e-5,0.2219998836517334,7.113000154495239,0.0,7.335000038146973,590.4350001811981,16,4500,100.0,"[103, 104, 459, 497, 501, 509, 503, 480, 141]"
105,32,3329,18.021420949925975,0.00018451873778246863,0.2219998836517334,7.206000089645386,0.0,7.427999973297119,597.8630001544952,14,4500,100.0,"[104, 105, 464, 502, 506, 514, 508, 485, 141]"
106,32,3361,18.023087296531127,0.0016663466051518583,0.20199990272521973,7.085999965667725,0.0,7.287999868392944,605.1510000228882,14,4500,100.0,"[105, 106, 469, 507, 511, 519, 513, 489, 142]"
107,30,3391,18.023549001643975,0.0004617051128477101,0.24100017547607422,7.385999917984009,0.0,7.627000093460083,612.7780001163483,15,4500,100.0,"[106, 107, 474, 512, 516, 524, 518, 492, 142]"
108,31,3422,18.024152312356698,0.0006033107127230153,0.2109999656677246,7.196000099182129,0.0,7.4070000648498535,620.1850001811981,15,4500,100.0,"[107, 108, 479, 517, 521, 529, 523, 496, 142]"
109,32,3454,18.024194195885308,4.188352860978739e-5,0.21899986267089844,7.199000120162964,0.0,7.417999982833862,627.603000164032,16,4500,100.0,"[108, 109, 483, 522, 526, 534, 528, 501, 143]"
110,32,3486,18.02439114456089,0.0001969486755832861,0.2200000286102295,7.205999851226807,0.0,7.425999879837036,635.029000043869,16,4500,100.0,"[109, 110, 488, 527, 531, 539, 533, 505, 144]"
111,33,3519,18.02549463738121,0.0011034928203201844,0.20999979972839355,7.245000123977661,0.0,7.454999923706055,642.4839999675751,16,4500,100.0,"[110, 111, 493, 532, 536, 544, 538, 510, 145]"
112,32,3551,18.02576811138611,0.00027347400489929896,0.2219998836517334,7.358000040054321,0.0,7.579999923706055,650.0639998912811,14,4500,100.0,"[111, 112, 498, 537, 541, 549, 543, 515, 145]"
113,33,3584,18.026935153132694,0.0011670417465836636,0.2220001220703125,7.486999988555908,0.0,7.709000110626221,657.7730000019073,15,4500,100.0,"[112, 113, 503, 542, 546, 554, 548, 520, 146]"
114,32,3616,18.02716895906864,0.00023380593594524157,0.23000001907348633,7.45799994468689,0.0,7.687999963760376,665.4609999656677,15,4500,100.0,"[113, 114, 508, 547, 551, 559, 553, 525, 146]"
115,31,3647,18.027441968043057,0.0002730089744176212,0.23199987411499023,7.4670000076293945,0.0,7.698999881744385,673.1599998474121,15,4500,100.0,"[114, 115, 512, 552, 556, 564, 558, 529, 147]"
116,28,3675,18.027490456782825,4.848873976825985e-5,0.21300005912780762,7.483000040054321,0.0,7.696000099182129,680.8559999465942,16,4500,100.0,"[115, 116, 515, 557, 561, 569, 563, 532, 147]"
117,33,3708,18.02766816653545,0.00017770975262365596,0.23799991607666016,7.54800009727478,0.0,7.786999940872192,688.6429998874664,15,4500,100.0,"[116, 117, 520, 562, 566, 574, 568, 537, 148]"
118,30,3738,18.02768908830247,2.0921767021064852e-5,0.22600007057189941,7.546000003814697,0.0,7.772000074386597,696.414999961853,16,4500,100.0,"[117, 118, 525, 567, 571, 579, 572, 541, 148]"
119,31,3769,18.027741889120037,5.28008175670891e-5,0.2349998950958252,7.568000078201294,0.0,7.802999973297119,704.2179999351501,16,4500,100.0,"[118, 119, 529, 572, 576, 584, 577, 546, 148]"
120,34,3803,18.02775312030428,1.1231184242177505e-5,0.24399995803833008,7.690999984741211,0.0,7.934999942779541,712.1529998779297,15,4500,100.0,"[119, 120, 534, 577, 581, 589, 582, 551, 150]"
121,34,3837,18.027810838037016,5.771773273721692e-5,0.24100017547607422,7.771999835968018,0.0,8.013000011444092,720.1659998893738,15,4500,100.0,"[120, 121, 539, 582, 586, 594, 587, 556, 152]"
122,31,3868,18.027815693852162,4.8558151455324605e-6,0.2239999771118164,7.653000116348267,0.0,7.877000093460083,728.0429999828339,15,4500,100.0,"[121, 122, 544, 587, 591, 599, 591, 560, 153]"
123,31,3899,18.028116487723153,0.000300793870991356,0.21899986267089844,7.604000091552734,0.0,7.822999954223633,735.8659999370575,15,4500,100.0,"[122, 123, 549, 592, 596, 604, 596, 564, 153]"
124,31,3930,18.029671944532833,0.0015554568096796118,0.24099993705749512,7.8420000076293945,0.0,8.08299994468689,743.9489998817444,15,4500,100.0,"[123, 124, 553, 597, 601, 609, 601, 569, 153]"
125,32,3962,18.02969819569194,2.6251159106038813e-5,0.24200010299682617,7.810999870300293,0.0,8.05299997329712,752.0019998550415,15,4500,100.0,"[124, 125, 558, 602, 606, 614, 606, 574, 153]"
126,32,3994,18.029936475620957,0.0002382799290181481,0.23000001907348633,7.892000198364258,0.0,8.122000217437744,760.1240000724792,15,4500,100.0,"[125, 126, 563, 607, 611, 619, 611, 578, 154]"
127,32,4026,18.029990244086477,5.37684655199655e-5,0.25299978256225586,7.874000072479248,0.0,8.126999855041504,768.2509999275208,16,4500,100.0,"[126, 127, 568, 612, 616, 624, 616, 582, 155]"
128,31,4057,18.030068529779182,7.828569270529329e-5,0.24099993705749512,7.989000082015991,0.0,8.230000019073486,776.4809999465942,14,4500,100.0,"[127, 128, 572, 617, 621, 629, 621, 587, 155]"
129,30,4087,18.03008195484098,1.3425061798244542e-5,0.2560000419616699,8.000999927520752,0.0,8.256999969482422,784.7379999160767,16,4500,100.0,"[128, 129, 577, 622, 626, 634, 626, 590, 155]"
130,32,4119,18.030253166886684,0.00017121204570358373,0.22300004959106445,8.562000036239624,0.0,8.785000085830688,793.5230000019073,15,4500,100.0,"[129, 130, 582, 627, 631, 639, 631, 595, 155]"
131,32,4151,18.030292873403745,3.970651706097783e-5,0.25500011444091797,8.178999900817871,0.0,8.434000015258789,801.9570000171661,15,4500,100.0,"[130, 131, 587, 632, 636, 644, 636, 600, 155]"
132,32,4183,18.030408170077973,0.00011529667422749412,0.24600005149841309,8.131999969482422,0.0,8.378000020980835,810.335000038147,16,4500,100.0,"[131, 132, 592, 636, 641, 649, 641, 605, 156]"
133,32,4215,18.030564711162786,0.000156541084813,0.252000093460083,8.149999856948853,0.0,8.401999950408936,818.7369999885559,16,4500,100.0,"[132, 133, 597, 641, 646, 654, 646, 609, 157]"
134,31,4246,18.035888991211404,0.005324280048618846,0.24600005149841309,8.118000030517578,0.0,8.364000082015991,827.1010000705719,16,4500,100.0,"[133, 134, 601, 646, 651, 659, 651, 614, 157]"
135,31,4277,18.036940508031414,0.0010515168200093683,0.247999906539917,8.269999980926514,0.0,8.51799988746643,835.6189999580383,16,4500,100.0,"[134, 135, 606, 651, 656, 664, 656, 618, 157]"
136,30,4307,18.037979601415667,0.0010390933842536754,0.27900004386901855,8.233999967575073,0.0,8.513000011444092,844.1319999694824,16,4500,100.0,"[135, 136, 611, 656, 661, 669, 661, 621, 157]"
137,31,4338,18.03810163659757,0.00012203518190290197,0.24900007247924805,8.234999895095825,0.0,8.483999967575073,852.6159999370575,16,4500,100.0,"[136, 137, 615, 661, 666, 674, 666, 626, 157]"
138,32,4370,18.03819487518579,9.32385882208564e-5,0.25,8.223999977111816,0.0,8.473999977111816,861.0899999141693,16,4500,100.0,"[137, 138, 620, 666, 671, 679, 671, 631, 157]"
139,31,4401,18.03822015439658,2.5279210788653472e-5,0.24500012397766113,8.30299997329712,0.0,8.54800009727478,869.6380000114441,16,4500,100.0,"[138, 139, 625, 671, 676, 684, 676, 634, 158]"
140,33,4434,18.03834343031929,0.00012327592271077492,0.22699999809265137,8.24400019645691,0.0,8.47100019454956,878.1090002059937,16,4500,100.0,"[139, 140, 630, 676, 681, 689, 681, 638, 160]"
141,30,4464,18.03835480876421,1.1378444920495667e-5,0.24199986457824707,8.339999914169312,0.0,8.581999778747559,886.6909999847412,15,4500,100.0,"[140, 141, 635, 681, 686, 694, 686, 641, 160]"
142,31,4495,18.038421056554583,6.624779037167627e-5,0.252000093460083,8.329999923706055,0.0,8.582000017166138,895.2730000019073,15,4500,100.0,"[141, 142, 639, 686, 691, 699, 691, 646, 160]"
143,32,4527,18.038449556928747,2.8500374163797915e-5,0.27900004386901855,8.529000043869019,0.0,8.808000087738037,904.0810000896454,16,4500,100.0,"[142, 143, 643, 691, 696, 704, 696, 651, 161]"
144,28,4555,18.03859231708383,0.0001427601550822999,0.2369999885559082,8.324000120162964,0.0,8.561000108718872,912.6420001983643,13,4500,100.0,"[143, 144, 648, 696, 701, 709, 701, 652, 161]"
145,32,4587,18.038609805870134,1.74887863053641e-5,0.2389998435974121,8.36300015449524,0.0,8.601999998092651,921.2440001964569,15,4500,100.0,"[144, 145, 653, 700, 706, 714, 706, 657, 162]"
146,31,4618,18.038665711408534,5.59055383995144e-5,0.24599981307983398,8.511000156402588,0.0,8.756999969482422,930.0010001659393,15,4500,100.0,"[145, 146, 658, 704, 711, 719, 711, 662, 162]"
147,30,4648,18.038677444504174,1.1733095639954172e-5,0.2719998359680176,8.529000043869019,0.0,8.800999879837036,938.8020000457764,15,4500,100.0,"[146, 147, 662, 709, 716, 724, 716, 666, 162]"
148,33,4681,18.038739507511682,6.206300750832838e-5,0.25100016593933105,8.51799988746643,0.0,8.769000053405762,947.5710000991821,16,4500,100.0,"[147, 148, 666, 714, 721, 729, 721, 671, 164]"
149,32,4713,18.038753646351072,1.4138839389943314e-5,0.2630000114440918,8.92199993133545,0.0,9.184999942779541,956.7560000419617,15,4500,100.0,"[148, 149, 671, 719, 726, 734, 726, 676, 164]"
150,30,4743,18.03882415254276,7.050619168680328e-5,0.27900004386901855,8.776000022888184,0.0,9.055000066757202,965.8110001087189,15,4500,100.0,"[149, 150, 676, 724, 731, 739, 731, 679, 164]"
151,32,4775,18.038830195543316,6.043000556843481e-6,0.2480001449584961,8.679999828338623,0.0,8.92799997329712,974.739000082016,15,4500,100.0,"[150, 151, 681, 729, 736, 744, 736, 683, 165]"
152,29,4804,18.038851481459027,2.1285915710933523e-5,0.26200008392333984,8.608999967575073,0.0,8.871000051498413,983.6100001335144,15,4500,100.0,"[151, 152, 685, 734, 741, 749, 741, 686, 165]"
153,28,4832,18.038854940286356,3.4588273294389182e-6,0.2539999485015869,8.59600019454956,0.0,8.850000143051147,992.4600002765656,15,4500,100.0,"[152, 153, 689, 739, 746, 754, 745, 689, 165]"
154,32,4864,18.038916552771948,6.161248559166665e-5,0.25,8.794999837875366,0.0,9.044999837875366,1001.5050001144409,16,4500,100.0,"[153, 154, 693, 744, 751, 759, 750, 694, 166]"
155,31,4895,18.038943003962455,2.6451190507259525e-5,0.2650001049041748,8.763999938964844,0.0,9.029000043869019,1010.5340001583099,15,4500,100.0,"[154, 155, 697, 749, 756, 764, 755, 699, 166]"
156,31,4926,18.039113167173173,0.00017016321071849916,0.2539999485015869,8.950999975204468,0.0,9.204999923706055,1019.739000082016,16,4500,100.0,"[155, 156, 701, 754, 761, 769, 760, 704, 166]"
157,30,4956,18.039166980930677,5.381375750346251e-5,0.2870001792907715,8.745999813079834,0.0,9.032999992370605,1028.7720000743866,16,4500,100.0,"[156, 157, 704, 759, 766, 774, 765, 708, 167]"
158,32,4988,18.040181388022855,0.00101440709217826,0.26200008392333984,8.79699993133545,0.0,9.059000015258789,1037.8310000896454,16,4500,100.0,"[157, 158, 709, 764, 771, 779, 770, 712, 168]"
159,33,5021,18.040356902999335,0.00017551497647971814,0.25300002098083496,8.827000141143799,0.0,9.080000162124634,1046.91100025177,15,4500,100.0,"[158, 159, 714, 769, 776, 784, 775, 717, 169]"
160,32,5053,18.04044810676795,9.120376861559976e-5,0.26399993896484375,8.997999906539917,0.0,9.26199984550476,1056.1730000972748,15,4500,100.0,"[159, 160, 719, 774, 781, 789, 780, 722, 169]"
161,33,5086,18.040463906459284,1.5799691333029386e-5,0.2720000743865967,9.059999942779541,0.0,9.332000017166138,1065.505000114441,16,4500,100.0,"[160, 161, 724, 779, 786, 794, 785, 727, 170]"
162,34,5120,18.040621934876995,0.0001580284177116198,0.2650001049041748,8.908999919891357,0.0,9.174000024795532,1074.6790001392365,16,4500,100.0,"[161, 162, 729, 784, 791, 799, 790, 732, 172]"
163,32,5152,18.040748447298153,0.00012651242115779837,0.26399993896484375,9.297000169754028,0.0,9.561000108718872,1084.2400002479553,15,4500,100.0,"[162, 163, 734, 789, 796, 804, 795, 737, 172]"
164,30,5182,18.041421987355026,0.0006735400568729233,0.2649998664855957,9.046000003814697,0.0,9.310999870300293,1093.5510001182556,15,4500,100.0,"[163, 164, 738, 794, 801, 809, 800, 741, 172]"
165,32,5214,18.041472863115583,5.0875760557289595e-5,0.2820000648498535,9.108999967575073,0.0,9.391000032424927,1102.9420001506805,15,4500,100.0,"[164, 165, 743, 799, 806, 814, 805, 745, 173]"
166,31,5245,18.04158116548734,0.00010830237175696311,0.26200008392333984,9.046000003814697,0.0,9.308000087738037,1112.2500002384186,15,4500,100.0,"[165, 166, 747, 804, 811, 819, 810, 750, 173]"
167,31,5276,18.041595762167606,1.4596680266265594e-5,0.2869999408721924,9.095999956130981,0.0,9.382999897003174,1121.6330001354218,16,4500,100.0,"[166, 167, 752, 809, 816, 824, 815, 754, 173]"
168,31,5307,18.041649454178607,5.369201100080545e-5,0.27300000190734863,9.283999919891357,0.0,9.556999921798706,1131.1900000572205,14,4500,100.0,"[167, 168, 757, 814, 821, 829, 820, 757, 174]"
169,29,5336,18.0416536716202,4.217441592402338e-6,0.2870001792907715,9.44599986076355,0.0,9.733000040054321,1140.9230000972748,16,4500,100.0,"[168, 169, 761, 819, 826, 834, 825, 760, 174]"
170,33,5369,18.041713532190673,5.9860570473802e-5,0.2850000858306885,9.312000036239624,0.0,9.597000122070312,1150.520000219345,14,4500,100.0,"[169, 170, 766, 824, 831, 839, 830, 765, 175]"
171,29,5398,18.041900958630603,0.0001874264399290837,0.28099989891052246,9.266000032424927,0.0,9.54699993133545,1160.0670001506805,16,4500,100.0,"[170, 171, 770, 829, 836, 844, 835, 768, 175]"
172,27,5425,18.04277058135647,0.0008696227258688793,0.28100013732910156,9.20199990272522,0.0,9.483000040054321,1169.5500001907349,15,4500,100.0,"[171, 172, 774, 833, 841, 849, 839, 771, 175]"
173,30,5455,18.04279266918153,2.2087825058747512e-5,0.2839999198913574,9.26800012588501,0.0,9.552000045776367,1179.1020002365112,16,4500,100.0,"[172, 173, 778, 838, 846, 854, 844, 775, 175]"
174,32,5487,18.042909964608324,0.00011729542679361771,0.2760000228881836,9.26799988746643,0.0,9.543999910354614,1188.6460001468658,16,4500,100.0,"[173, 174, 783, 843, 851, 859, 849, 780, 175]"
175,30,5517,18.042948483557712,3.851894938833311e-5,0.28100013732910156,9.434999942779541,0.0,9.716000080108643,1198.3620002269745,16,4500,100.0,"[174, 175, 786, 848, 856, 864, 854, 785, 175]"
176,29,5546,18.044474791501987,0.001526307944274663,0.30299997329711914,9.41599988937378,0.0,9.718999862670898,1208.0810000896454,16,4500,100.0,"[175, 176, 790, 853, 861, 869, 858, 789, 175]"
177,31,5577,18.044788243318852,0.0003134518168650402,0.28299999237060547,9.469000101089478,0.0,9.752000093460083,1217.8330001831055,16,4500,100.0,"[176, 177, 794, 858, 866, 874, 863, 794, 175]"
178,30,5607,18.045399513575344,0.0006112702564919914,0.2929999828338623,9.815999984741211,0.0,10.108999967575073,1227.9420001506805,16,4500,100.0,"[177, 178, 799, 863, 871, 879, 868, 797, 175]"
179,32,5639,18.04548271283125,8.319925590782873e-5,0.2910001277923584,9.330999851226807,0.0,9.621999979019165,1237.5640001296997,15,4500,100.0,"[178, 179, 804, 868, 876, 884, 873, 801, 176]"
180,33,5672,18.045750579028482,0.00026786619723040417,0.2760000228881836,9.431999921798706,0.0,9.70799994468689,1247.2720000743866,16,4500,100.0,"[179, 180, 809, 873, 881, 889, 878, 806, 177]"
181,32,5704,18.045807910809824,5.73317813419294e-5,0.2800002098083496,9.498999834060669,0.0,9.779000043869019,1257.0510001182556,16,4500,100.0,"[180, 181, 814, 878, 886, 894, 883, 811, 177]"
182,31,5735,18.045918278364617,0.00011036755479310045,0.2980000972747803,9.562000036239624,0.0,9.860000133514404,1266.91100025177,16,4500,100.0,"[181, 182, 818, 883, 891, 899, 888, 816, 177]"
183,32,5767,18.045934012900716,1.5734536098932494e-5,0.29199981689453125,9.505000114440918,0.0,9.79699993133545,1276.7080001831055,14,4500,100.0,"[182, 183, 823, 888, 896, 904, 893, 821, 177]"
184,29,5796,18.046258891214038,0.0003248783133216193,0.28299999237060547,9.470999956130981,0.0,9.753999948501587,1286.462000131607,16,4500,100.0,"[183, 184, 827, 893, 901, 909, 898, 824, 177]"
185,32,5828,18.04634073393513,8.184272109090784e-5,0.2840001583099365,9.52299976348877,0.0,9.806999921798706,1296.2690000534058,16,4500,100.0,"[184, 185, 832, 898, 906, 914, 903, 829, 177]"
186,31,5859,18.046475983555222,0.00013524962009370256,0.2670001983642578,9.593999862670898,0.0,9.861000061035156,1306.130000114441,15,4500,100.0,"[185, 186, 837, 903, 911, 919, 908, 833, 177]"
187,31,5890,18.046510975776236,3.499222101410737e-5,0.3040001392364502,9.733999967575073,0.0,10.038000106811523,1316.1680002212524,15,4500,100.0,"[186, 187, 841, 908, 916, 924, 913, 838, 177]"
188,33,5923,18.046650604904926,0.00013962912868947797,0.28999996185302734,9.717999935150146,0.0,10.007999897003174,1326.1760001182556,16,4500,100.0,"[187, 188, 846, 913, 921, 929, 918, 843, 178]"
189,32,5955,18.046689235387745,3.86304828197126e-5,0.2820000648498535,9.842999935150146,0.0,10.125,1336.3010001182556,15,4500,100.0,"[188, 189, 851, 918, 926, 934, 923, 848, 178]"
190,32,5987,18.046879140428807,0.00018990504106142225,0.28600001335144043,9.684000015258789,0.0,9.97000002861023,1346.2710001468658,16,4500,100.0,"[189, 190, 856, 923, 931, 939, 928, 852, 179]"
191,32,6019,18.046887359138335,8.218709528051704e-6,0.2910001277923584,9.721999883651733,0.0,10.013000011444092,1356.28400015831,15,4500,100.0,"[190, 191, 861, 928, 936, 944, 933, 857, 179]"
192,32,6051,18.046891732600233,4.373461898410369e-6,0.28299999237060547,9.782000064849854,0.0,10.065000057220459,1366.3490002155304,16,4500,100.0,"[191, 192, 866, 933, 941, 949, 938, 861, 180]"
193,30,6081,18.04696236150156,7.062890132658595e-5,0.315000057220459,9.90499997138977,0.0,10.22000002861023,1376.5690002441406,14,4500,100.0,"[192, 193, 870, 938, 946, 954, 943, 865, 180]"
194,32,6113,18.04697359088767,1.1229386110755968e-5,0.309999942779541,9.97000002861023,0.0,10.27999997138977,1386.8490002155304,14,4500,100.0,"[193, 194, 874, 943, 951, 959, 948, 870, 181]"
195,33,6146,18.047047197661904,7.360677423307038e-5,0.2890000343322754,10.007999897003174,0.0,10.29699993133545,1397.1460001468658,16,4500,100.0,"[194, 195, 879, 948, 956, 964, 953, 875, 182]"
196,31,6177,18.047063737115646,1.6539453742581145e-5,0.3080000877380371,9.888999938964844,0.0,10.19700002670288,1407.3430001735687,15,4500,100.0,"[195, 196, 884, 953, 961, 969, 958, 879, 182]"
197,31,6208,18.047120146329167,5.640921352068062e-5,0.2909998893737793,9.93500018119812,0.0,10.2260000705719,1417.5690002441406,15,4500,100.0,"[196, 197, 889, 958, 966, 974, 963, 883, 182]"
198,32,6240,18.047127864613163,7.718283995927777e-6,0.31399989128112793,10.028000116348267,0.0,10.342000007629395,1427.91100025177,16,4500,100.0,"[197, 198, 894, 963, 971, 979, 968, 888, 182]"
199,31,6271,18.047142231640613,1.4367027450390424e-5,0.29600000381469727,10.937999963760376,0.0,11.233999967575073,1439.145000219345,16,4500,100.0,"[198, 199, 898, 968, 976, 984, 973, 893, 182]"
200,32,6303,18.04714657079236,4.339151747245751e-6,0.32399988174438477,10.002000093460083,0.0,10.325999975204468,1449.4710001945496,16,4500,100.0,"[199, 200, 903, 973, 981, 989, 978, 898, 182]"
201,33,6336,18.047159440450987,1.2869658625902503e-5,0.30299997329711914,10.053999900817871,0.0,10.35699987411499,1459.8280000686646,15,4500,100.0,"[200, 201, 908, 978, 986, 994, 983, 903, 183]"
202,31,6367,18.047162404593152,2.9641421654957867e-6,0.3059999942779541,10.130000114440918,0.0,10.436000108718872,1470.2640001773834,16,4500,100.0,"[201, 202, 913, 983, 991, 999, 988, 906, 184]"
203,31,6398,18.047177704728295,1.5300135142837235e-5,0.31399989128112793,10.094000101089478,0.0,10.407999992370605,1480.672000169754,16,4500,100.0,"[202, 203, 918, 988, 996, 1004, 993, 910, 184]"
204,30,6428,18.047179799886443,2.0951581483075188e-6,0.3080000877380371,10.246999979019165,0.0,10.555000066757202,1491.2270002365112,16,4500,100.0,"[203, 204, 922, 993, 1001, 1009, 998, 914, 184]"
205,32,6460,18.04719642554559,1.6625659146285443e-5,0.30499982833862305,10.013000011444092,0.0,10.317999839782715,1501.545000076294,16,4500,100.0,"[204, 205, 927, 998, 1006, 1014, 1003, 919, 184]"
206,32,6492,18.047206841334788,1.0415789198248149e-5,0.3040001392364502,10.240000009536743,0.0,10.544000148773193,1512.0890002250671,16,4500,100.0,"[205, 206, 931, 1003, 1011, 1019, 1008, 924, 185]"
207,31,6523,18.047269634424893,6.279309010537304e-5,0.31999993324279785,10.242000102996826,0.0,10.562000036239624,1522.6510002613068,15,4500,100.0,"[206, 207, 935, 1008, 1016, 1024, 1013, 928, 186]"
208,30,6553,18.047277878473416,8.244048522954017e-6,0.2969999313354492,10.16700005531311,0.0,10.46399998664856,1533.1150002479553,16,4500,100.0,"[207, 208, 939, 1013, 1021, 1029, 1018, 932, 186]"
209,32,6585,18.047300499614803,2.26211413867361e-5,0.30900001525878906,10.199999809265137,0.0,10.508999824523926,1543.6240000724792,16,4500,100.0,"[208, 209, 944, 1018, 1026, 1034, 1023, 936, 187]"
210,34,6619,18.047302850649373,2.3510345705801683e-6,0.31400012969970703,10.29099988937378,0.0,10.605000019073486,1554.2290000915527,16,4500,100.0,"[209, 210, 949, 1023, 1031, 1039, 1028, 941, 189]"
211,32,6651,18.047308364364557,5.513715183980139e-6,0.3100001811981201,10.389999866485596,0.0,10.700000047683716,1564.9290001392365,15,4500,100.0,"[210, 211, 953, 1028, 1036, 1044, 1033, 946, 190]"
212,31,6682,18.047310677305653,2.312941095539145e-6,0.315000057220459,10.895999908447266,0.0,11.210999965667725,1576.1400001049042,15,4500,100.0,"[211, 212, 957, 1033, 1041, 1049, 1038, 951, 190]"
213,32,6714,18.047326009282397,1.5331976744192843e-5,0.3229999542236328,10.604000091552734,0.0,10.927000045776367,1587.0670001506805,16,4500,100.0,"[212, 213, 962, 1038, 1046, 1054, 1043, 956, 190]"
214,31,6745,18.0473267935383,7.842559028858886e-7,0.31999993324279785,10.39900016784668,0.0,10.719000101089478,1597.78600025177,14,4500,100.0,"[213, 214, 967, 1043, 1051, 1059, 1047, 960, 191]"
215,29,6774,18.047327428793402,6.352551018551367e-7,0.33299994468688965,10.631999969482422,0.0,10.964999914169312,1608.7510001659393,15,4500,100.0,"[214, 215, 972, 1048, 1056, 1064, 1052, 962, 191]"
216,32,6806,18.047330762259186,3.333465784294276e-6,0.2990000247955322,10.573999881744385,0.0,10.872999906539917,1619.6240000724792,16,4500,100.0,"[215, 216, 976, 1053, 1061, 1069, 1057, 967, 192]"
217,32,6838,18.047331393986532,6.317273459899297e-7,0.31400012969970703,10.616999864578247,0.0,10.930999994277954,1630.5550000667572,16,4500,100.0,"[216, 217, 981, 1058, 1066, 1074, 1062, 972, 192]"
218,33,6871,18.047334313613717,2.919627185349327e-6,0.3190000057220459,10.514000177383423,0.0,10.833000183105469,1641.3880002498627,16,4500,100.0,"[217, 218, 986, 1063, 1071, 1079, 1067, 977, 193]"
219,31,6902,18.047335029834354,7.162206365762813e-7,0.3409998416900635,10.777000188827515,0.0,11.118000030517578,1652.5060002803802,15,4500,100.0,"[218, 219, 990, 1068, 1076, 1084, 1072, 982, 193]"
220,31,6933,18.047358812500793,2.3782666438876277e-5,0.33099985122680664,10.80299997329712,0.0,11.133999824523926,1663.6400001049042,16,4500,100.0,"[219, 220, 995, 1073, 1081, 1089, 1077, 986, 193]"
221,33,6966,18.04737014032731,1.1327826516804862e-5,0.3380000591278076,10.769999980926514,0.0,11.108000040054321,1674.7480001449585,15,4500,100.0,"[220, 221, 1000, 1078, 1086, 1094, 1082, 991, 194]"
222,32,6998,18.047412871400486,4.2731073175872325e-5,0.32400012016296387,11.007999897003174,0.0,11.332000017166138,1686.0800001621246,16,4500,100.0,"[221, 222, 1005, 1083, 1091, 1099, 1087, 996, 194]"
223,30,7028,18.047415645499694,2.7740992081248805e-6,0.3259999752044678,10.817000150680542,0.0,11.14300012588501,1697.2230002880096,16,4500,100.0,"[222, 223, 1010, 1088, 1096, 1104, 1092, 999, 194]"
224,34,7062,18.047433735453843,1.8089954149758114e-5,0.33299994468688965,10.825000047683716,0.0,11.157999992370605,1708.3810002803802,16,4500,100.0,"[223, 224, 1015, 1093, 1101, 1109, 1097, 1004, 196]"
225,30,7092,18.047437164500572,3.429046728342655e-6,0.33299994468688965,10.764999866485596,0.0,11.097999811172485,1719.4790000915527,16,4500,100.0,"[224, 225, 1020, 1098, 1106, 1114, 1102, 1007, 196]"
226,31,7123,18.04745439146859,1.722696801920165e-5,0.3250000476837158,10.927000045776367,0.0,11.252000093460083,1730.7310001850128,14,4500,100.0,"[225, 226, 1025, 1103, 1111, 1119, 1107, 1011, 196]"
227,31,7154,18.04745890288269,4.511414097407851e-6,0.32899999618530273,11.083999872207642,0.0,11.412999868392944,1742.1440000534058,16,4500,100.0,"[226, 227, 1030, 1108, 1116, 1124, 1112, 1015, 196]"
228,32,7186,18.047474235093176,1.5332210487883913e-5,0.3260002136230469,10.941999912261963,0.0,11.26800012588501,1753.4120001792908,16,4500,100.0,"[227, 228, 1035, 1113, 1121, 1129, 1117, 1020, 196]"
229,32,7218,18.047483571165927,9.336072750443236e-6,0.3489999771118164,11.098000049591064,0.0,11.44700002670288,1764.8590002059937,16,4500,100.0,"[228, 229, 1039, 1118, 1126, 1134, 1122, 1025, 197]"
230,30,7248,18.04753498605312,5.141488719218046e-5,0.33500003814697266,10.990000009536743,0.0,11.325000047683716,1776.1840002536774,15,4500,100.0,"[229, 230, 1044, 1123, 1131, 1139, 1126, 1029, 197]"
231,31,7279,18.047539657175232,4.67112211310905e-6,0.33699989318847656,11.077000141143799,0.0,11.414000034332275,1787.5980002880096,15,4500,100.0,"[230, 231, 1049, 1128, 1136, 1144, 1131, 1033, 197]"
232,32,7311,18.047544623688708,4.966513476034606e-6,0.31799983978271484,11.067000150680542,0.0,11.384999990463257,1798.983000278473,16,4500,100.0,"[231, 232, 1054, 1133, 1141, 1149, 1136, 1038, 197]"
233,31,7342,18.04754548251605,8.588273416876291e-7,0.34599995613098145,11.168999910354614,0.0,11.514999866485596,1810.4980001449585,16,4500,100.0,"[232, 233, 1058, 1138, 1146, 1154, 1141, 1043, 197]"
234,32,7374,18.047557277804156,1.1795288106242197e-5,0.32700014114379883,11.109999895095825,0.0,11.437000036239624,1821.9350001811981,15,4500,100.0,"[233, 234, 1062, 1143, 1151, 1159, 1146, 1048, 198]"
235,32,7406,18.04756316611868,5.888314525748228e-6,0.3359999656677246,11.180000066757202,0.0,11.516000032424927,1833.451000213623,15,4500,100.0,"[234, 235, 1067, 1148, 1156, 1164, 1151, 1053, 198]"
236,32,7438,18.047588626798714,2.546068003184132e-5,0.35899996757507324,11.489000082015991,0.0,11.848000049591064,1845.299000263214,15,4500,100.0,"[235, 236, 1072, 1153, 1161, 1169, 1156, 1058, 198]"
237,30,7468,18.047593902521292,5.275722578801378e-6,0.33499979972839355,11.299000024795532,0.0,11.633999824523926,1856.933000087738,16,4500,100.0,"[236, 237, 1077, 1158, 1166, 1174, 1161, 1061, 198]"
238,30,7498,18.047606752150354,1.2849629062117174e-5,0.32899999618530273,11.006999969482422,0.0,11.335999965667725,1868.2690000534058,15,4500,100.0,"[237, 238, 1081, 1163, 1171, 1179, 1166, 1065, 198]"
239,31,7529,18.047883449769785,0.00027669761943016624,0.3530001640319824,11.437000036239624,0.0,11.790000200271606,1880.0590002536774,16,4500,100.0,"[238, 239, 1085, 1168, 1176, 1184, 1171, 1070, 198]"
240,32,7561,18.047949149431116,6.569966133085359e-5,0.3399999141693115,11.29699993133545,0.0,11.63699984550476,1891.6960000991821,16,4500,100.0,"[239, 240, 1090, 1173, 1181, 1189, 1176, 1075, 198]"
241,31,7592,18.04833349888113,0.000384349450015975,0.3539998531341553,11.450000047683716,0.0,11.803999900817871,1903.5,15,4500,100.0,"[240, 241, 1094, 1178, 1186, 1194, 1181, 1080, 198]"
242,34,7626,18.048414609154825,8.111027369395174e-5,0.3489999771118164,11.408999919891357,0.0,11.757999897003174,1915.2579998970032,16,4500,100.0,"[241, 242, 1099, 1183, 1191, 1199, 1186, 1085, 200]"
243,32,7658,18.048497051998954,8.24428441283942e-5,0.4160001277923584,11.427000045776367,0.0,11.843000173568726,1927.101000070572,16,4500,100.0,"[242, 243, 1103, 1188, 1196, 1204, 1191, 1090, 201]"
244,32,7690,18.04851801737797,2.0965379015080998e-5,0.3429999351501465,11.519999980926514,0.0,11.86299991607666,1938.9639999866486,14,4500,100.0,"[243, 244, 1108, 1193, 1201, 1209, 1196, 1095, 201]"
245,30,7720,18.04859866445524,8.064707727228893e-5,0.3450000286102295,11.434999942779541,0.0,11.77999997138977,1950.7439999580383,15,4500,100.0,"[244, 245, 1112, 1198, 1206, 1214, 1200, 1099, 202]"
246,32,7752,18.04860139271061,2.728255367401289e-6,0.3410000801086426,11.457000017166138,0.0,11.79800009727478,1962.542000055313,16,4500,100.0,"[245, 246, 1117, 1203, 1211, 1219, 1205, 1104, 202]"
247,32,7784,18.048631314773424,2.9922062815046502e-5,0.3509998321533203,11.644000053405762,0.0,11.994999885559082,1974.5369999408722,16,4500,100.0,"[246, 247, 1122, 1208, 1216, 1224, 1210, 1109, 202]"
248,30,7814,18.048643347801903,1.2033028479407903e-5,0.3450000286102295,11.874000072479248,0.0,12.219000101089478,1986.7560000419617,16,4500,100.0,"[247, 248, 1127, 1213, 1221, 1229, 1214, 1113, 202]"
249,32,7846,18.048710472142794,6.712434089095609e-5,0.375,11.766000032424927,0.0,12.141000032424927,1998.8970000743866,16,4500,100.0,"[248, 249, 1132, 1218, 1226, 1234, 1219, 1118, 202]"
250,32,7878,18.048722513637895,1.2041495100589827e-5,0.35899996757507324,11.766000032424927,0.0,12.125,2011.0220000743866,15,4500,100.0,"[249, 250, 1137, 1223, 1231, 1239, 1224, 1123, 202]"
251,32,7910,18.048763618832876,4.110519498112808e-5,0.35199999809265137,11.682999849319458,0.0,12.03499984741211,2023.0569999217987,16,4500,100.0,"[250, 251, 1142, 1228, 1236, 1244, 1229, 1127, 203]"
252,31,7941,18.048768039595487,4.4207626110903675e-6,0.3580000400543213,11.723000049591064,0.0,12.081000089645386,2035.138000011444,13,4500,100.0,"[251, 252, 1146, 1233, 1241, 1249, 1234, 1132, 203]"
253,31,7972,18.048783360298625,1.5320703138144154e-5,0.4249999523162842,11.924000024795532,0.0,12.348999977111816,2047.486999988556,15,4500,100.0,"[252, 253, 1151, 1238, 1246, 1254, 1239, 1136, 203]"
254,31,8003,18.04878916752998,5.807231353571751e-6,0.37599992752075195,12.09600019454956,0.0,12.472000122070312,2059.959000110626,14,4500,100.0,"[253, 254, 1156, 1243, 1251, 1259, 1244, 1140, 203]"
255,31,8034,18.048818120600767,2.8953070788872992e-5,0.3579998016357422,11.93500018119812,0.0,12.292999982833862,2072.25200009346,16,4500,100.0,"[254, 255, 1160, 1248, 1256, 1264, 1249, 1144, 204]"
256,32,8066,18.048836305404414,1.8184803646903447e-5,0.3409998416900635,11.703999996185303,0.0,12.044999837875366,2084.2969999313354,16,4500,100.0,"[255, 256, 1164, 1253, 1261, 1269, 1254, 1149, 205]"
257,30,8096,18.048841649980975,5.344576560872838e-6,0.36300015449523926,11.984999895095825,0.0,12.348000049591064,2096.6449999809265,15,4500,100.0,"[256, 257, 1168, 1258, 1266, 1274, 1259, 1153, 205]"
258,32,8128,18.048911612473063,6.99624920876829e-5,0.3529999256134033,11.902000188827515,0.0,12.255000114440918,2108.9000000953674,14,4500,100.0,"[257, 258, 1173, 1263, 1271, 1279, 1264, 1158, 205]"
259,32,8160,18.048928373961445,1.6761488382144307e-5,0.37599992752075195,12.046000003814697,0.0,12.42199993133545,2121.322000026703,15,4500,100.0,"[258, 259, 1177, 1268, 1276, 1284, 1269, 1163, 206]"
260,30,8190,18.048972824202743,4.4450241297511184e-5,0.3689999580383301,12.042999982833862,0.0,12.411999940872192,2133.733999967575,16,4500,100.0,"[259, 260, 1181, 1273, 1281, 1289, 1274, 1167, 206]"
261,30,8220,18.04898093595871,8.111755967377121e-6,0.35700011253356934,11.940999984741211,0.0,12.29800009727478,2146.03200006485,16,4500,100.0,"[260, 261, 1186, 1278, 1286, 1294, 1279, 1170, 206]"
262,32,8252,18.048992799785204,1.1863826493652141e-5,0.3619999885559082,11.924000024795532,0.0,12.28600001335144,2158.3180000782013,14,4500,100.0,"[261, 262, 1191, 1283, 1291, 1299, 1284, 1175, 206]"
263,31,8283,18.048993370354022,5.70568818858419e-7,0.3619999885559082,12.183000087738037,0.0,12.545000076293945,2170.8630001544952,15,4500,100.0,"[262, 263, 1195, 1288, 1296, 1304, 1289, 1180, 206]"
264,30,8313,18.049002195594603,8.825240580989657e-6,0.36099982261657715,12.073000192642212,0.0,12.434000015258789,2183.297000169754,16,4500,100.0,"[263, 264, 1200, 1293, 1301, 1309, 1294, 1183, 206]"
265,31,8344,18.049011256272358,9.060677754746393e-6,0.38899993896484375,12.467999935150146,0.0,12.85699987411499,2196.154000043869,15,4500,100.0,"[264, 265, 1205, 1298, 1306, 1314, 1299, 1187, 206]"
266,29,8373,18.04906244909996,5.119282760190913e-5,0.3680000305175781,11.997999906539917,0.0,12.365999937057495,2208.5199999809265,16,4500,100.0,"[265, 266, 1210, 1302, 1311, 1319, 1304, 1190, 206]"
267,32,8405,18.049068174245598,5.72514563756954e-6,0.3710000514984131,12.40499997138977,0.0,12.776000022888184,2221.2960000038147,16,4500,100.0,"[266, 267, 1215, 1307, 1316, 1324, 1309, 1195, 206]"
268,31,8436,18.049080220577945,1.204633234763719e-5,0.37000012397766113,17.12399983406067,0.0,17.49399995803833,2238.789999961853,15,4500,100.0,"[267, 268, 1219, 1312, 1321, 1329, 1314, 1200, 206]"
269,33,8469,18.049081823291363,1.6027134179807945e-6,0.3680000305175781,12.163000106811523,0.0,12.531000137329102,2251.321000099182,16,4500,100.0,"[268, 269, 1224, 1317, 1326, 1334, 1319, 1205, 207]"
270,31,8500,18.049110695219603,2.88719282401928e-5,0.37199997901916504,12.187000036239624,0.0,12.559000015258789,2263.880000114441,14,4500,100.0,"[269, 270, 1229, 1322, 1331, 1339, 1324, 1208, 208]"
271,30,8530,18.049118623840343,7.928620739505732e-6,0.375,12.345999956130981,0.0,12.720999956130981,2276.601000070572,16,4500,100.0,"[270, 271, 1233, 1327, 1336, 1344, 1329, 1212, 208]"
272,32,8562,18.049147487392236,2.8863551893465456e-5,0.39300012588500977,12.228999853134155,0.0,12.621999979019165,2289.223000049591,16,4500,100.0,"[271, 272, 1238, 1332, 1341, 1349, 1334, 1217, 208]"
273,31,8593,18.049150043162477,2.555770240775246e-6,0.35700011253356934,12.29099988937378,0.0,12.648000001907349,2301.8710000514984,16,4500,100.0,"[272, 273, 1243, 1337, 1346, 1354, 1339, 1221, 208]"
274,32,8625,18.049167667417066,1.7624254589065913e-5,0.4049999713897705,12.44700002670288,0.0,12.851999998092651,2314.723000049591,11,4500,100.0,"[273, 274, 1247, 1342, 1351, 1359, 1344, 1226, 209]"
275,30,8655,18.049172160332994,4.4929159273010555e-6,0.36500000953674316,12.295000076293945,0.0,12.660000085830688,2327.3830001354218,14,4500,100.0,"[274, 275, 1252, 1347, 1356, 1364, 1348, 1230, 209]"
276,32,8687,18.04918402037416,1.1860041166045221e-5,0.38899993896484375,12.918999910354614,0.0,13.307999849319458,2340.690999984741,15,4500,100.0,"[275, 276, 1257, 1352, 1361, 1369, 1353, 1235, 209]"
277,32,8719,18.049186654428603,2.6340544430070167e-6,0.377000093460083,12.3989999294281,0.0,12.776000022888184,2353.4670000076294,16,4500,100.0,"[276, 277, 1262, 1357, 1366, 1374, 1358, 1240, 209]"
278,31,8750,18.04919549773179,8.843303188399432e-6,0.36700010299682617,12.376999855041504,0.0,12.74399995803833,2366.2109999656677,15,4500,100.0,"[277, 278, 1267, 1361, 1371, 1379, 1363, 1245, 209]"
279,32,8782,18.049196495056528,9.97324736573546e-7,0.38900017738342285,14.029000043869019,0.0,14.418000221252441,2380.62900018692,16,4500,100.0,"[278, 279, 1272, 1366, 1376, 1384, 1368, 1249, 210]"
280,33,8815,18.04920838886921,1.1893812683183569e-5,0.3989999294281006,13.17799997329712,0.0,13.57699990272522,2394.2060000896454,15,4500,100.0,"[279, 280, 1277, 1371, 1381, 1389, 1373, 1254, 211]"
281,31,8846,18.049210615759275,2.226890064349618e-6,0.42599987983703613,13.597000122070312,0.0,14.023000001907349,2408.2290000915527,16,4500,100.0,"[280, 281, 1282, 1376, 1386, 1394, 1378, 1258, 211]"
282,31,8877,18.049219839140918,9.223381642442519e-6,0.4100000858306885,13.440999984741211,0.0,13.8510000705719,2422.0800001621246,16,4500,100.0,"[281, 282, 1286, 1381, 1391, 1399, 1383, 1263, 211]"
283,30,8907,18.049232256658446,1.2417517528007238e-5,0.4199998378753662,13.466000080108643,0.0,13.885999917984009,2435.9660000801086,15,4500,100.0,"[282, 283, 1290, 1386, 1396, 1404, 1388, 1267, 211]"
284,32,8939,18.049585554970985,0.0003532983125396072,0.39100003242492676,13.322999954223633,0.0,13.71399998664856,2449.680000066757,14,4500,100.0,"[283, 284, 1295, 1391, 1401, 1409, 1393, 1272, 211]"
285,31,8970,18.049665973587903,8.041861691765462e-5,0.3880000114440918,13.233000040054321,0.0,13.621000051498413,2463.3010001182556,16,4500,100.0,"[284, 285, 1299, 1396, 1406, 1414, 1398, 1277, 211]"
286,31,9001,18.049792300013426,0.00012632642552290463,0.40799999237060547,13.711999893188477,0.0,14.119999885559082,2477.4210000038147,15,4500,100.0,"[285, 286, 1302, 1401, 1411, 1419, 1403, 1282, 212]"
287,31,9032,18.04980201215331,9.71213988520958e-6,0.4330000877380371,13.45300006866455,0.0,13.886000156402588,2491.3070001602173,16,4500,100.0,"[286, 287, 1307, 1406, 1416, 1424, 1408, 1286, 212]"
288,31,9063,18.049877001985244,7.498983193343634e-5,0.4199998378753662,13.606000185012817,0.0,14.026000022888184,2505.3330001831055,14,4500,100.0,"[287, 288, 1312, 1411, 1421, 1429, 1413, 1290, 212]"
289,30,9093,18.049887474368134,1.0472382889759047e-5,0.4069998264312744,13.208000183105469,0.0,13.615000009536743,2518.948000192642,15,4500,100.0,"[288, 289, 1316, 1416, 1426, 1434, 1418, 1294, 212]"
290,32,9125,18.04990815646089,2.06820927566298e-5,0.39800000190734863,13.098999977111816,0.0,13.496999979019165,2532.4450001716614,16,4500,100.0,"[289, 290, 1321, 1421, 1431, 1439, 1423, 1299, 212]"
291,32,9157,18.04991171427817,3.5578172798977903e-6,0.39999985694885254,13.455000162124634,0.0,13.855000019073486,2546.300000190735,16,4500,100.0,"[290, 291, 1326, 1426, 1436, 1444, 1428, 1304, 212]"
292,31,9188,18.049914235991878,2.521713707182016e-6,0.40799999237060547,13.194999933242798,0.0,13.602999925613403,2559.9030001163483,16,4500,100.0,"[291, 292, 1330, 1431, 1441, 1449, 1433, 1308, 213]"
293,33,9221,18.04994136334634,2.712735446053216e-5,0.40199995040893555,13.689000129699707,0.0,14.091000080108643,2573.994000196457,14,4500,100.0,"[292, 293, 1335, 1436, 1446, 1454, 1438, 1313, 214]"
294,32,9253,18.049958679092605,1.7315746266177712e-5,0.38299989700317383,13.484999895095825,0.0,13.867999792098999,2587.861999988556,16,4500,100.0,"[293, 294, 1339, 1441, 1451, 1459, 1443, 1317, 216]"
295,31,9284,18.050062813070483,0.00010413397787800704,0.4380002021789551,13.769999980926514,0.0,14.208000183105469,2602.0700001716614,16,4500,100.0,"[294, 295, 1344, 1446, 1456, 1464, 1448, 1321, 216]"
296,32,9316,18.05011145471431,4.864164382922809e-5,0.4249999523162842,13.450000047683716,0.0,13.875,2615.9450001716614,16,4500,100.0,"[295, 296, 1349, 1451, 1461, 1469, 1453, 1326, 216]"
297,32,9348,18.050335798887073,0.0002243441727607376,0.44099998474121094,13.73799991607666,0.0,14.178999900817871,2630.1240000724792,15,4500,100.0,"[296, 297, 1354, 1456, 1466, 1474, 1458, 1331, 216]"
298,28,9376,18.05034400267202,8.203784947369286e-6,0.4779999256134033,13.792999982833862,0.0,14.270999908447266,2644.3949999809265,16,4500,100.0,"[297, 298, 1358, 1461, 1471, 1479, 1462, 1334, 216]"
299,32,9408,18.05035986457783,1.586190580837865e-5,0.4010000228881836,13.847000122070312,0.0,14.248000144958496,2658.643000125885,16,4500,100.0,"[298, 299, 1363, 1466, 1476, 1484, 1467, 1338, 217]"
300,31,9439,18.050363355679554,3.4911017259275923e-6,0.4479999542236328,14.1489999294281,0.0,14.596999883651733,2673.2400000095367,16,4500,100.0,"[299, 300, 1368, 1471, 1481, 1489, 1472, 1342, 217]"
301,30,9469,18.05039357974573,3.0224066176032238e-5,0.41499996185302734,14.022000074386597,0.0,14.437000036239624,2687.6770000457764,14,4500,100.0,"[300, 301, 1372, 1476, 1486, 1494, 1477, 1346, 217]"
302,32,9501,18.050398273840244,4.694094513979508e-6,0.4240000247955322,14.01200008392334,0.0,14.436000108718872,2702.1130001544952,16,4500,100.0,"[301, 302, 1377, 1481, 1491, 1499, 1482, 1351, 217]"
303,32,9533,18.050405198741547,6.924901303051456e-6,0.40799999237060547,13.860999822616577,0.0,14.268999814987183,2716.3819999694824,16,4500,100.0,"[302, 303, 1382, 1486, 1496, 1504, 1487, 1356, 217]"
304,31,9564,18.050411294679833,6.095938285710645e-6,0.4120001792907715,14.030999898910522,0.0,14.443000078201294,2730.8250000476837,16,4500,100.0,"[303, 304, 1387, 1491, 1501, 1509, 1492, 1360, 217]"
305,32,9596,18.05041409113933,2.7964594977447632e-6,0.4070000648498535,13.833999872207642,0.0,14.240999937057495,2745.065999984741,16,4500,100.0,"[304, 305, 1392, 1496, 1506, 1514, 1497, 1364, 218]"
306,31,9627,18.050449138404105,3.504726477387976e-5,0.43000006675720215,14.135999917984009,0.0,14.565999984741211,2759.6319999694824,16,4500,100.0,"[305, 306, 1397, 1501, 1511, 1519, 1502, 1368, 218]"
307,30,9657,18.0504546110847,5.472680594920121e-6,0.4350001811981201,14.378000020980835,0.0,14.813000202178955,2774.4450001716614,16,4500,100.0,"[306, 307, 1401, 1506, 1516, 1524, 1507, 1372, 218]"
308,31,9688,18.050484697959277,3.008687457750625e-5,0.554999828338623,14.424000024795532,0.0,14.978999853134155,2789.4240000247955,13,4500,100.0,"[307, 308, 1405, 1511, 1521, 1529, 1512, 1377, 218]"
309,30,9718,18.050491083827755,6.385868477565282e-6,0.49900007247924805,13.98799991607666,0.0,14.486999988555908,2803.9110000133514,16,4500,100.0,"[308, 309, 1409, 1516, 1526, 1534, 1517, 1381, 218]"
310,29,9747,18.050506324790476,1.5240962721208007e-5,0.41700005531311035,14.130000114440918,0.0,14.547000169754028,2818.4580001831055,15,4500,100.0,"[309, 310, 1413, 1520, 1531, 1539, 1522, 1385, 218]"
311,32,9779,18.05050940627563,3.0814851541549615e-6,0.4419999122619629,13.996999979019165,0.0,14.438999891281128,2832.8970000743866,15,4500,100.0,"[310, 311, 1418, 1525, 1536, 1544, 1527, 1390, 218]"
312,30,9809,18.050516579234696,7.17295906582649e-6,0.4330000877380371,14.44700002670288,0.0,14.880000114440918,2847.7770001888275,16,4500,100.0,"[311, 312, 1423, 1529, 1541, 1549, 1532, 1394, 218]"
313,32,9841,18.050518113519264,1.534284567838995e-6,0.4499998092651367,14.48200011253357,0.0,14.931999921798706,2862.709000110626,16,4500,100.0,"[312, 313, 1428, 1534, 1546, 1554, 1537, 1399, 218]"
314,30,9871,18.05053278687821,1.4673358947447923e-5,0.4159998893737793,14.16700005531311,0.0,14.58299994468689,2877.292000055313,15,4500,100.0,"[313, 314, 1433, 1539, 1551, 1559, 1542, 1402, 218]"
315,31,9902,18.050536090043153,3.303164941570458e-6,0.4290001392364502,14.412999868392944,0.0,14.842000007629395,2892.1340000629425,16,4500,100.0,"[314, 315, 1438, 1544, 1556, 1564, 1547, 1406, 218]"
316,30,9932,18.05054675988205,1.0669838896859574e-5,0.40799999237060547,14.33899998664856,0.0,14.746999979019165,2906.8810000419617,14,4500,100.0,"[315, 316, 1442, 1549, 1561, 1569, 1552, 1410, 218]"
317,31,9963,18.05054752312129,7.632392389211873e-7,0.4249999523162842,14.706000089645386,0.0,15.13100004196167,2922.0120000839233,16,4500,100.0,"[316, 317, 1446, 1554, 1566, 1574, 1557, 1415, 218]"
318,32,9995,18.050556700416834,9.177295545725883e-6,0.4570000171661377,14.61299991607666,0.0,15.069999933242798,2937.082000017166,15,4500,100.0,"[317, 318, 1451, 1559, 1571, 1579, 1562, 1420, 218]"
319,30,10025,18.050558679642528,1.979225693560238e-6,0.43400001525878906,14.61300015449524,0.0,15.047000169754028,2952.12900018692,16,4500,100.0,"[318, 319, 1455, 1564, 1576, 1584, 1567, 1424, 218]"
320,31,10056,18.050564237723226,5.558080697909418e-6,0.4249999523162842,14.714999914169312,0.0,15.139999866485596,2967.2690000534058,16,4500,100.0,"[319, 320, 1460, 1569, 1581, 1589, 1572, 1428, 218]"
321,29,10085,18.05056564981401,1.4120907856352005e-6,0.45600008964538574,14.94700002670288,0.0,15.403000116348267,2982.672000169754,16,4500,100.0,"[320, 321, 1463, 1574, 1586, 1594, 1577, 1432, 218]"
322,32,10117,18.050574632935184,8.983121173145037e-6,0.43400001525878906,14.738999843597412,0.0,15.172999858856201,2997.8450000286102,16,4500,100.0,"[321, 322, 1467, 1579, 1591, 1599, 1582, 1437, 219]"
323,30,10147,18.05057645764104,1.8247058548581663e-6,0.440000057220459,14.980999946594238,0.0,15.421000003814697,3013.266000032425,16,4500,100.0,"[322, 323, 1471, 1584, 1596, 1604, 1587, 1441, 219]"
324,30,10177,18.050586488794234,1.0031153195200204e-5,0.45799994468688965,14.680999994277954,0.0,15.138999938964844,3028.4049999713898,16,4500,100.0,"[323, 324, 1476, 1589, 1601, 1609, 1592, 1444, 219]"
325,32,10209,18.05058825653319,1.7677389543280242e-6,0.4780001640319824,14.618000030517578,0.0,15.09600019454956,3043.5010001659393,16,4500,100.0,"[324, 325, 1481, 1594, 1606, 1614, 1597, 1449, 219]"
326,31,10240,18.05059197066569,3.7141325002210124e-6,0.4869999885559082,15.258999824523926,0.0,15.745999813079834,3059.246999979019,14,4500,100.0,"[325, 326, 1485, 1599, 1611, 1619, 1602, 1454, 219]"
327,32,10272,18.050594252256403,2.281590713693049e-6,0.442000150680542,14.851999998092651,0.0,15.294000148773193,3074.5410001277924,16,4500,100.0,"[326, 327, 1490, 1604, 1616, 1624, 1607, 1459, 219]"
328,32,10304,18.050610578051245,1.632579484223129e-5,0.44499993324279785,14.50600004196167,0.0,14.950999975204468,3089.492000102997,16,4500,100.0,"[327, 328, 1495, 1609, 1621, 1629, 1612, 1464, 219]"
329,30,10334,18.050612425021328,1.8469700826528879e-6,0.43400001525878906,14.513000011444092,0.0,14.94700002670288,3104.4390001296997,16,4500,100.0,"[328, 329, 1499, 1614, 1626, 1634, 1617, 1468, 219]"
330,33,10367,18.050631701775384,1.9276754056107848e-5,0.44099998474121094,14.739000082015991,0.0,15.180000066757202,3119.619000196457,13,4500,100.0,"[329, 330, 1504, 1619, 1631, 1639, 1622, 1473, 220]"
331,32,10399,18.050635879803547,4.178028163437375e-6,0.4550001621246338,14.829999923706055,0.0,15.285000085830688,3134.9040002822876,15,4500,100.0,"[330, 331, 1509, 1624, 1636, 1644, 1627, 1478, 220]"
332,32,10431,18.050642015947542,6.136143994694976e-6,0.4509999752044678,14.694999933242798,0.0,15.145999908447266,3150.050000190735,16,4500,100.0,"[331, 332, 1514, 1629, 1641, 1649, 1632, 1483, 220]"
333,31,10462,18.05064335796438,1.3420168372135777e-6,0.42600011825561523,15.494999885559082,0.0,15.921000003814697,3165.9710001945496,16,4500,100.0,"[332, 333, 1519, 1634, 1646, 1654, 1637, 1487, 220]"
334,32,10494,18.05064910398352,5.74601914138384e-6,0.4590001106262207,14.941999912261963,0.0,15.401000022888184,3181.3720002174377,16,4500,100.0,"[333, 334, 1524, 1639, 1651, 1659, 1642, 1492, 220]"
335,32,10526,18.050649853134274,7.491507538759379e-7,0.46399998664855957,15.364000082015991,0.0,15.82800006866455,3197.2000002861023,15,4500,100.0,"[334, 335, 1529, 1644, 1656, 1664, 1647, 1496, 221]"
336,31,10557,18.050653577871902,3.724737627663899e-6,0.4249999523162842,14.630000114440918,0.0,15.055000066757202,3212.2550003528595,16,4500,100.0,"[335, 336, 1533, 1649, 1661, 1669, 1652, 1501, 221]"
337,31,10588,18.050654474075852,8.962039501625441e-7,0.4570000171661377,14.94700002670288,0.0,15.404000043869019,3227.6590003967285,13,4500,100.0,"[336, 337, 1538, 1654, 1666, 1674, 1657, 1505, 221]"
338,32,10620,18.05066172451864,7.250442788375722e-6,0.4739999771118164,15.741999864578247,0.0,16.215999841690063,3243.8750002384186,14,4500,100.0,"[337, 338, 1543, 1659, 1671, 1679, 1662, 1509, 222]"
339,34,10654,18.050662524431313,7.99912672988512e-7,0.4700000286102295,15.373000144958496,0.0,15.843000173568726,3259.7180004119873,16,4500,100.0,"[338, 339, 1548, 1664, 1676, 1684, 1667, 1514, 224]"
340,31,10685,18.050663799911735,1.2754804217252058e-6,0.4369997978210449,15.327000141143799,0.0,15.763999938964844,3275.482000350952,16,4500,100.0,"[339, 340, 1553, 1669, 1681, 1689, 1672, 1518, 224]"
341,30,10715,18.050664403982747,6.040710118782044e-7,0.47300004959106445,15.573999881744385,0.0,16.04699993133545,3291.5290002822876,14,4500,100.0,"[340, 341, 1557, 1674, 1686, 1694, 1677, 1522, 224]"
342,31,10746,18.050669231701207,4.827718459665675e-6,0.49900007247924805,15.71399998664856,0.0,16.213000059127808,3307.7420003414154,15,4500,100.0,"[341, 342, 1562, 1679, 1691, 1699, 1682, 1526, 224]"
343,30,10776,18.050669764867216,5.331660091201229e-7,0.4570000171661377,15.572999954223633,0.0,16.02999997138977,3323.772000312805,16,4500,100.0,"[342, 343, 1567, 1684, 1696, 1704, 1687, 1529, 224]"
344,30,10806,18.050670932137766,1.1672705504395253e-6,0.4630000591278076,16.08299994468689,0.0,16.546000003814697,3340.31800031662,15,4500,100.0,"[343, 344, 1572, 1689, 1701, 1709, 1692, 1532, 224]"
345,32,10838,18.050683267014307,1.2334876540620598e-5,0.49499988555908203,15.687000036239624,0.0,16.181999921798706,3356.5000002384186,15,4500,100.0,"[344, 345, 1577, 1694, 1706, 1714, 1697, 1537, 224]"
346,30,10868,18.050684657227954,1.3902136473120663e-6,0.4650001525878906,15.330999851226807,0.0,15.796000003814697,3372.2960002422333,16,4500,100.0,"[345, 346, 1582, 1699, 1711, 1719, 1702, 1540, 224]"
347,32,10900,18.050685805098922,1.1478709680545762e-6,0.48200011253356934,15.338000059127808,0.0,15.820000171661377,3388.1160004138947,16,4500,100.0,"[346, 347, 1587, 1704, 1716, 1724, 1707, 1545, 224]"
348,31,10931,18.05068933812478,3.5330258576493634e-6,0.44299983978271484,15.419000148773193,0.0,15.861999988555908,3403.9780004024506,16,4500,100.0,"[347, 348, 1592, 1709, 1721, 1729, 1712, 1549, 224]"
349,32,10963,18.050689960733084,6.226083044680308e-7,0.492999792098999,15.84600019454956,0.0,16.33899998664856,3420.317000389099,16,4500,100.0,"[348, 349, 1597, 1714, 1726, 1734, 1717, 1554, 224]"
350,32,10995,18.050697813314176,7.852581092038236e-6,0.4549999237060547,15.690999984741211,0.0,16.145999908447266,3436.4630002975464,16,4500,100.0,"[349, 350, 1602, 1719, 1731, 1739, 1722, 1559, 224]"
351,30,11025,18.050699015142197,1.2018280202141796e-6,0.48600006103515625,15.70199990272522,0.0,16.187999963760376,3452.6510002613068,16,4500,100.0,"[350, 351, 1606, 1724, 1736, 1744, 1727, 1563, 224]"
352,32,11057,18.050705571365,6.556222803766332e-6,0.46000003814697266,15.930000066757202,0.0,16.390000104904175,3469.041000366211,16,4500,100.0,"[351, 352, 1611, 1729, 1741, 1749, 1732, 1567, 225]"
353,31,11088,18.05070630265781,7.312928111957717e-7,0.48000001907348633,16.115999937057495,0.0,16.59599995613098,3485.637000322342,16,4500,100.0,"[352, 353, 1616, 1734, 1746, 1754, 1737, 1571, 225]"
354,30,11118,18.050711886610465,5.583952653154256e-6,0.4739999771118164,15.71399998664856,0.0,16.187999963760376,3501.8250002861023,16,4500,100.0,"[353, 354, 1621, 1738, 1751, 1759, 1742, 1574, 226]"
355,33,11151,18.050714032985788,2.1463753228090354e-6,0.4660000801086426,16.17199993133545,0.0,16.638000011444092,3518.4630002975464,16,4500,100.0,"[354, 355, 1626, 1743, 1756, 1764, 1747, 1579, 227]"
356,32,11183,18.050719844313445,5.811327657312404e-6,0.4830000400543213,15.388999938964844,0.0,15.871999979019165,3534.3350002765656,16,4500,100.0,"[355, 356, 1631, 1748, 1761, 1769, 1752, 1583, 228]"
357,30,11213,18.05072166341382,1.8191003761103275e-6,0.47300004959106445,15.499000072479248,0.0,15.972000122070312,3550.307000398636,16,4500,100.0,"[356, 357, 1636, 1753, 1766, 1774, 1757, 1586, 228]"
358,29,11242,18.050722379240096,7.158262746997934e-7,0.4649999141693115,15.38100004196167,0.0,15.845999956130981,3566.153000354767,16,4500,100.0,"[357, 358, 1640, 1758, 1771, 1779, 1761, 1590, 228]"
359,30,11272,18.050722889012253,5.097721569313762e-7,0.44099998474121094,15.879999876022339,0.0,16.32099986076355,3582.4740002155304,16,4500,100.0,"[358, 359, 1645, 1763, 1776, 1784, 1765, 1594, 228]"
360,30,11302,18.05072715915775,4.270145495866018e-6,0.4760000705718994,16.019999980926514,0.0,16.496000051498413,3598.970000267029,13,4500,100.0,"[359, 360, 1650, 1768, 1781, 1789, 1769, 1598, 228]"
361,32,11334,18.05072808709941,9.279416630647574e-7,0.5099999904632568,16.11899995803833,0.0,16.628999948501587,3615.5990002155304,13,4500,100.0,"[360, 361, 1655, 1773, 1786, 1794, 1774, 1603, 228]"
362,31,11365,18.050737927559148,9.84045973595471e-6,0.4850001335144043,15.996999979019165,0.0,16.48200011253357,3632.081000328064,16,4500,100.0,"[361, 362, 1659, 1778, 1791, 1799, 1779, 1607, 229]"
363,31,11396,18.050739390307577,1.4627484290485882e-6,0.5019998550415039,15.989000082015991,0.0,16.490999937057495,3648.5720002651215,16,4500,100.0,"[362, 363, 1664, 1783, 1796, 1804, 1784, 1611, 229]"
364,32,11428,18.050740866482624,1.4761750470881907e-6,0.46200013160705566,15.671000003814697,0.0,16.133000135421753,3664.705000400543,16,4500,100.0,"[363, 364, 1669, 1788, 1801, 1809, 1789, 1616, 229]"
365,29,11457,18.050741297026157,4.305435332696561e-7,0.46899986267089844,15.92900013923645,0.0,16.39800000190735,3681.1030004024506,16,4500,100.0,"[364, 365, 1674, 1793, 1806, 1814, 1793, 1619, 229]"
366,31,11488,18.05077191385804,3.061683188221309e-5,0.4759998321533203,15.801000118255615,0.0,16.276999950408936,3697.3800003528595,15,4500,100.0,"[365, 366, 1679, 1798, 1811, 1819, 1798, 1623, 229]"
367,32,11520,18.050805070849236,3.3156991197103025e-5,0.4779999256134033,15.829999923706055,0.0,16.307999849319458,3713.688000202179,14,4500,100.0,"[366, 367, 1684, 1803, 1816, 1824, 1803, 1628, 229]"
368,32,11552,18.050944670009905,0.0001395991606685243,0.5,17.513000011444092,0.0,18.013000011444092,3731.701000213623,15,4500,100.0,"[367, 368, 1689, 1808, 1821, 1829, 1808, 1633, 229]"
369,31,11583,18.050952432511266,7.76250136169665e-6,0.501000165939331,16.567999839782715,0.0,17.069000005722046,3748.770000219345,16,4500,100.0,"[368, 369, 1694, 1813, 1826, 1834, 1813, 1637, 229]"
370,32,11615,18.050972040452766,1.9607941499799608e-5,0.47500014305114746,15.948999881744385,0.0,16.424000024795532,3765.1940002441406,16,4500,100.0,"[369, 370, 1699, 1818, 1831, 1839, 1818, 1642, 229]"
371,32,11647,18.05097419734402,2.1568912522695882e-6,0.49000000953674316,16.13100004196167,0.0,16.621000051498413,3781.815000295639,16,4500,100.0,"[370, 371, 1704, 1823, 1836, 1844, 1823, 1647, 229]"
372,32,11679,18.050990646792062,1.6449448043687198e-5,0.5079998970031738,16.147000074386597,0.0,16.65499997138977,3798.470000267029,15,4500,100.0,"[371, 372, 1709, 1828, 1841, 1849, 1828, 1652, 229]"
373,31,11710,18.050992896170303,2.2493782410037966e-6,0.48200011253356934,16.35599994659424,0.0,16.838000059127808,3815.3080003261566,15,4500,100.0,"[372, 373, 1714, 1833, 1846, 1854, 1833, 1656, 229]"
374,32,11742,18.051003735630733,1.0839460429679093e-5,0.4739999771118164,16.05399990081787,0.0,16.527999877929688,3831.8360002040863,16,4500,100.0,"[373, 374, 1719, 1838, 1851, 1859, 1838, 1661, 229]"
375,31,11773,18.05100571386201,1.978231278343401e-6,0.4930000305175781,16.104000091552734,0.0,16.597000122070312,3848.4330003261566,16,4500,100.0,"[374, 375, 1724, 1843, 1856, 1864, 1843, 1665, 229]"
376,31,11804,18.05101286057496,7.146712949435141e-6,0.500999927520752,16.40499997138977,0.0,16.905999898910522,3865.339000225067,16,4500,100.0,"[375, 376, 1729, 1848, 1861, 1869, 1848, 1669, 229]"
377,32,11836,18.05101386984167,1.009266707541201e-6,0.4910001754760742,16.104999780654907,0.0,16.59599995613098,3881.935000181198,16,4500,100.0,"[376, 377, 1734, 1853, 1866, 1874, 1853, 1674, 229]"
378,30,11866,18.051016567390754,2.697549085439732e-6,0.49200010299682617,16.180000066757202,0.0,16.67200016975403,3898.607000350952,16,4500,100.0,"[377, 378, 1739, 1858, 1871, 1879, 1858, 1677, 229]"
379,30,11896,18.051035225389104,1.8657998349880245e-5,0.49899983406066895,16.54700016975403,0.0,17.046000003814697,3915.653000354767,14,4500,100.0,"[378, 379, 1743, 1863, 1876, 1884, 1863, 1681, 229]"
380,32,11928,18.05103695815756,1.7327684567192136e-6,0.5479998588562012,16.506999969482422,0.0,17.054999828338623,3932.7080001831055,15,4500,100.0,"[379, 380, 1748, 1868, 1881, 1889, 1868, 1686, 229]"
381,31,11959,18.051040600855693,3.6426981324666485e-6,0.5170001983642578,16.626999855041504,0.0,17.14400005340576,3949.8520002365112,16,4500,100.0,"[380, 381, 1752, 1873, 1886, 1894, 1873, 1691, 229]"
382,31,11990,18.051042979976742,2.3791210495005544e-6,0.5480000972747803,17.18400001525879,0.0,17.73200011253357,3967.584000349045,16,4500,100.0,"[381, 382, 1757, 1878, 1891, 1899, 1878, 1695, 229]"
383,30,12020,18.05106049151928,1.751154253781806e-5,0.5360000133514404,17.177000045776367,0.0,17.713000059127808,3985.2970004081726,16,4500,100.0,"[382, 383, 1761, 1883, 1896, 1904, 1883, 1699, 229]"
384,32,12052,18.05106227434755,1.7828282707910148e-6,0.5230000019073486,16.955999851226807,0.0,17.478999853134155,4002.7760002613068,15,4500,100.0,"[383, 384, 1766, 1888, 1901, 1909, 1888, 1704, 229]"
385,31,12083,18.051066603147405,4.328799853681176e-6,0.5150001049041748,17.141000032424927,0.0,17.6560001373291,4020.432000398636,16,4500,100.0,"[384, 385, 1770, 1893, 1906, 1914, 1893, 1709, 229]"
386,27,12110,18.05106710617122,5.030238163783451e-7,0.5069999694824219,16.929999828338623,0.0,17.436999797821045,4037.869000196457,16,4500,100.0,"[385, 386, 1774, 1898, 1911, 1919, 1897, 1711, 229]"
387,27,12137,18.051068612128475,1.5059572540110366e-6,0.5329999923706055,17.30400013923645,0.0,17.837000131607056,4055.706000328064,16,4500,100.0,"[386, 387, 1778, 1902, 1916, 1924, 1902, 1713, 229]"
388,31,12168,18.051078005978322,9.393849847327829e-6,0.5079998970031738,17.41000008583069,0.0,17.917999982833862,4073.624000310898,16,4500,100.0,"[387, 388, 1783, 1907, 1921, 1929, 1907, 1717, 229]"
389,31,12199,18.051079934222503,1.9282441812151774e-6,0.5199999809265137,17.51900005340576,0.0,18.039000034332275,4091.66300034523,13,4500,100.0,"[388, 389, 1788, 1912, 1926, 1934, 1912, 1721, 229]"
390,32,12231,18.051094433467895,1.4499245391874638e-5,0.5119998455047607,17.20900011062622,0.0,17.72099995613098,4109.384000301361,16,4500,100.0,"[389, 390, 1793, 1917, 1931, 1939, 1917, 1726, 229]"
391,28,12259,18.051163724202056,6.929073416017673e-5,0.5309998989105225,17.051000118255615,0.0,17.582000017166138,4126.966000318527,16,4500,100.0,"[390, 391, 1796, 1922, 1936, 1944, 1922, 1729, 229]"
392,29,12288,18.051167860054363,4.135852307740606e-6,0.502000093460083,17.125,0.0,17.627000093460083,4144.593000411987,15,4500,100.0,"[391, 392, 1800, 1927, 1941, 1949, 1927, 1732, 229]"
393,31,12319,18.051186960801623,1.910074725941513e-5,0.5209999084472656,17.217000007629395,0.0,17.73799991607666,4162.331000328064,16,4500,100.0,"[392, 393, 1805, 1932, 1946, 1954, 1932, 1736, 229]"
394,31,12350,18.05119209107383,5.1302722070545315e-6,0.5179998874664307,17.407000064849854,0.0,17.924999952316284,4180.25600028038,15,4500,100.0,"[393, 394, 1810, 1937, 1951, 1959, 1937, 1740, 229]"
395,33,12383,18.051222547706868,3.0456633037800884e-5,0.4809999465942383,16.980000019073486,0.0,17.460999965667725,4197.717000246048,16,4500,100.0,"[394, 395, 1815, 1942, 1956, 1964, 1942, 1745, 230]"
396,31,12414,18.051224874563434,2.3268565669809504e-6,0.5180001258850098,17.42799997329712,0.0,17.94600009918213,4215.66300034523,16,4500,100.0,"[395, 396, 1820, 1947, 1961, 1969, 1947, 1749, 230]"
397,32,12446,18.051226613850115,1.7392866809018415e-6,0.5249998569488525,17.31500005722046,0.0,17.83999991416931,4233.503000259399,16,4500,100.0,"[396, 397, 1824, 1952, 1966, 1974, 1952, 1754, 231]"
398,32,12478,18.05123679880572,1.0184955606007406e-5,0.5130000114440918,17.60700011253357,0.0,18.12000012397766,4251.623000383377,16,4500,100.0,"[397, 398, 1829, 1957, 1971, 1979, 1957, 1759, 231]"
399,26,12504,18.051239730057286,2.9312515650303794e-6,0.5339999198913574,17.036999940872192,0.0,17.57099986076355,4269.194000244141,15,4500,100.0,"[398, 399, 1833, 1962, 1976, 1984, 1961, 1760, 231]"
400,30,12534,18.051254407558346,1.467750105987875e-5,0.5169999599456787,17.442000150680542,0.0,17.95900011062622,4287.153000354767,16,4500,100.0,"[399, 400, 1838, 1967, 1981, 1989, 1966, 1763, 231]"
